id,order_hour,day_of_week,restaurant_type,cuisine_type,distance_km,estimated_delivery_min,order_value_inr,num_items,is_peak_hour,weather_condition,traffic_density,delivery_partner_rating,delivery_partner_orders,restaurant_rating,restaurant_avg_prep_min,is_promo_order,area_type,is_late
1,6,sunday,cafe,south_indian,10.7,55,1208.0,8,true,humid,moderate,3.6,3393.0,4.3,23.5,false,commercial,on_time
2,19,friday,casual_dining,dessert,1.1,78,172.0,12,true,light_rain,gridlock,2.5,2331.0,4.7,23.8,true,college_area,late
3,14,sunday,fine_dining,dessert,13.6,14,2314.0,2,true,clear,moderate,4.1,3393.0,3.1,23.0,false,college_area,late
4,10,monday,cloud_kitchen,south_indian,7.5,70,2754.0,2,true,clear,gridlock,4.6,2618.0,3.8,26.0,false,residential,late
5,7,thursday,fine_dining,chinese,7.2,47,789.0,9,true,light_rain,heavy,3.9,4121.0,4.4,28.9,false,residential,on_time
6,20,wednesday,casual_dining,south_indian,8.7,37,1344.0,5,true,clear,heavy,2.2,4356.0,3.4,11.0,false,market,on_time
7,6,saturday,fast_food,dessert,8.0,35,453.0,5,false,fog,heavy,4.6,2545.0,4.1,19.8,true,market,on_time
8,18,sunday,fast_food,chinese,7.3,70,1424.0,1,false,fog,heavy,4.1,1928.0,3.7,27.2,false,commercial,on_time
9,22,wednesday,cloud_kitchen,biryani,12.6,32,486.0,13,true,humid,low,4.2,2545.0,4.4,19.3,false,residential,on_time
10,10,saturday,fast_food,dessert,0.7,55,1617.0,6,false,clear,low,3.7,4548.0,2.9,31.6,false,residential,on_time
11,10,tuesday,casual_dining,italian,4.5,39,2230.0,8,false,light_rain,heavy,2.4,4796.0,3.0,22.9,false,market,on_time
12,23,friday,casual_dining,pizza_burger,0.5,76,1704.0,6,false,humid,gridlock,4.2,3720.0,3.9,5.0,false,college_area,late
13,20,thursday,cafe,chinese,6.5,42,810.0,14,false,light_rain,heavy,3.6,3674.0,3.8,21.6,false,residential,late
14,3,sunday,cafe,indian,11.1,12,1125.0,15,false,clear,moderate,3.3,1552.0,3.7,20.8,false,market,late
15,7,friday,fast_food,dessert,12.1,78,1951.0,7,true,clear,moderate,5.0,1683.0,3.6,5.0,false,residential,late
16,23,wednesday,casual_dining,indian,14.2,51,1810.0,14,false,hot,heavy,4.2,385.0,3.1,19.5,true,commercial,on_time
17,2,monday,cafe,chinese,8.0,71,496.0,4,true,hot,heavy,4.0,4709.0,2.9,9.3,false,college_area,late
18,21,tuesday,fine_dining,healthy,4.2,67,2550.0,2,false,humid,gridlock,3.2,3037.0,3.4,29.5,false,market,late
19,20,tuesday,cloud_kitchen,italian,13.9,66,1478.0,1,false,clear,moderate,3.1,2267.0,3.5,21.6,false,college_area,on_time
20,1,wednesday,fine_dining,other,11.7,10,570.0,12,false,hot,moderate,4.2,4653.0,3.5,12.8,false,highway,on_time
21,23,sunday,cloud_kitchen,other,8.8,82,455.0,6,false,fog,moderate,2.4,2545.0,4.5,30.1,false,college_area,late
22,11,friday,cafe,chinese,10.6,69,2900.0,9,false,clear,heavy,4.2,390.0,4.2,26.6,false,highway,on_time
23,5,friday,fast_food,indian,13.9,78,916.0,10,true,humid,moderate,4.2,2919.0,4.0,19.6,false,residential,on_time
24,1,monday,cafe,pizza_burger,10.8,68,2735.0,5,false,heavy_rain,moderate,4.8,2114.0,3.8,9.5,false,commercial,late
25,20,sunday,cafe,south_indian,5.8,55,1290.0,12,true,humid,moderate,4.5,1143.0,3.4,13.6,false,market,on_time
26,0,saturday,cafe,indian,10.8,43,1219.0,2,false,humid,heavy,4.6,746.0,3.2,13.4,false,college_area,late
27,11,monday,casual_dining,pizza_burger,1.1,34,2132.0,1,true,clear,low,3.4,1731.0,3.0,29.5,false,residential,on_time
28,21,saturday,casual_dining,indian,6.1,51,128.0,3,true,heavy_rain,moderate,2.8,4123.0,3.3,5.2,false,highway,on_time
29,11,friday,casual_dining,healthy,6.4,38,1080.0,4,false,light_rain,low,4.0,4386.0,3.7,21.5,false,residential,on_time
30,16,monday,casual_dining,indian,2.9,34,977.0,7,false,hot,gridlock,4.1,4124.0,3.0,19.5,false,market,on_time
31,9,thursday,fast_food,indian,0.8,63,2617.0,9,true,heavy_rain,low,4.5,3231.0,3.8,32.4,false,college_area,on_time
32,15,friday,cloud_kitchen,indian,2.4,82,1634.0,8,false,hot,heavy,4.8,3217.0,3.6,24.3,false,commercial,on_time
33,14,tuesday,fast_food,other,10.0,76,1157.0,9,false,clear,heavy,3.0,2515.0,3.5,27.4,false,college_area,on_time
34,14,sunday,fast_food,pizza_burger,12.1,24,871.0,7,true,hot,heavy,4.4,1770.0,4.4,16.7,false,market,on_time
35,18,sunday,casual_dining,dessert,14.8,13,1812.0,10,false,clear,heavy,2.2,108.0,2.2,9.7,true,residential,on_time
36,11,saturday,cafe,italian,5.5,47,539.0,8,false,clear,moderate,4.0,2545.0,3.5,18.7,true,residential,on_time
37,22,thursday,casual_dining,italian,9.2,29,813.0,8,true,hot,moderate,4.3,2487.0,3.6,29.8,false,college_area,on_time
38,19,thursday,fast_food,chinese,14.1,32,951.0,1,false,clear,moderate,2.7,4299.0,3.8,29.7,false,commercial,late
39,2,saturday,cafe,south_indian,2.9,46,1863.0,12,false,clear,heavy,4.2,777.0,4.2,17.7,false,residential,on_time
40,4,friday,casual_dining,biryani,10.9,71,1182.0,14,false,clear,gridlock,3.1,1934.0,2.9,13.4,false,residential,on_time
41,18,monday,fine_dining,pizza_burger,11.4,17,1566.0,15,false,light_rain,gridlock,3.5,438.0,3.6,11.4,false,commercial,on_time
42,6,friday,fine_dining,chinese,1.8,46,1986.0,12,true,clear,heavy,4.4,1035.0,2.7,20.6,false,college_area,on_time
43,20,saturday,casual_dining,other,13.0,54,2873.0,15,true,hot,gridlock,3.6,837.0,3.7,23.4,false,highway,late
44,8,thursday,casual_dining,indian,12.3,42,2318.0,9,false,hot,gridlock,3.6,4703.0,3.5,36.7,false,market,on_time
45,6,monday,cloud_kitchen,other,1.0,16,1275.0,2,false,clear,heavy,4.0,642.0,3.5,23.2,false,commercial,on_time
46,17,saturday,fast_food,indian,1.8,31,2270.0,12,true,light_rain,moderate,4.4,3175.0,3.5,28.1,false,college_area,late
47,3,tuesday,casual_dining,south_indian,1.2,14,2854.0,11,false,clear,moderate,3.8,1809.0,3.1,14.2,false,commercial,on_time
48,13,wednesday,casual_dining,italian,5.4,24,1548.0,14,false,fog,gridlock,4.9,3876.0,4.4,22.4,false,college_area,late
49,17,tuesday,fine_dining,south_indian,7.9,30,1290.0,7,true,light_rain,heavy,3.6,643.0,3.9,23.4,false,market,late
50,8,wednesday,fast_food,biryani,8.2,26,325.0,13,true,clear,heavy,4.7,703.0,3.0,20.6,false,residential,late
51,20,saturday,cafe,south_indian,4.4,65,2688.0,10,false,clear,low,4.2,2849.0,3.3,21.8,false,college_area,late
52,1,friday,cloud_kitchen,south_indian,13.7,59,814.0,10,false,clear,low,4.3,2918.0,3.2,23.3,false,college_area,on_time
53,19,tuesday,casual_dining,pizza_burger,5.8,16,285.0,13,false,hot,moderate,3.0,3613.0,4.5,26.8,false,highway,on_time
54,14,sunday,fast_food,pizza_burger,1.2,59,1657.0,5,false,clear,low,4.7,1723.0,4.1,33.7,true,market,on_time
55,6,sunday,fine_dining,dessert,4.9,69,2553.0,4,true,clear,gridlock,3.9,849.0,3.6,5.0,false,residential,late
56,11,sunday,casual_dining,chinese,8.2,16,1279.0,1,false,clear,moderate,4.0,2555.0,4.7,33.1,false,highway,on_time
57,7,tuesday,cafe,biryani,6.4,49,2371.0,1,true,humid,heavy,4.0,1463.0,4.6,5.0,true,college_area,late
58,14,thursday,fast_food,biryani,4.5,54,2525.0,3,false,hot,low,3.8,3830.0,3.6,25.1,false,market,on_time
59,2,sunday,casual_dining,italian,2.4,68,1417.0,14,false,clear,low,3.4,3783.0,3.5,45.6,false,commercial,on_time
60,13,saturday,casual_dining,south_indian,12.4,84,1813.0,15,false,clear,moderate,3.8,511.0,3.5,21.6,true,market,late
61,16,monday,fast_food,chinese,14.9,64,1648.0,1,false,humid,gridlock,4.8,2157.0,3.1,23.8,false,residential,late
62,3,monday,fast_food,indian,5.3,73,2824.0,8,true,clear,heavy,4.3,2920.0,4.7,18.9,false,residential,on_time
63,17,thursday,cloud_kitchen,chinese,6.0,74,2204.0,3,false,humid,heavy,4.0,2545.0,3.1,28.7,false,commercial,on_time
64,7,sunday,fast_food,indian,9.5,63,1417.0,11,false,clear,gridlock,4.4,2951.0,4.2,25.6,false,residential,late
65,3,friday,fast_food,pizza_burger,10.9,49,737.0,10,true,clear,gridlock,3.5,3961.0,4.1,15.2,false,college_area,late
66,1,friday,casual_dining,pizza_burger,6.2,62,999.0,2,true,hot,moderate,3.4,1238.0,3.5,20.9,true,market,on_time
67,5,monday,cloud_kitchen,other,13.6,53,305.0,6,false,fog,moderate,3.4,1481.0,4.8,10.8,false,commercial,on_time
68,21,saturday,fast_food,pizza_burger,8.6,72,1549.0,4,false,humid,moderate,4.5,2466.0,2.8,20.8,false,residential,on_time
69,9,sunday,cafe,indian,7.0,11,2634.0,13,true,hot,low,4.6,2011.0,3.7,17.8,false,residential,on_time
70,3,thursday,fast_food,healthy,9.9,88,1047.0,13,true,light_rain,moderate,3.2,4758.0,3.4,23.4,false,residential,late
71,21,saturday,fast_food,healthy,14.3,30,471.0,14,false,fog,moderate,3.3,2736.0,4.3,14.9,true,market,late
72,17,sunday,fast_food,south_indian,12.0,59,298.0,11,true,hot,low,3.7,4200.0,3.9,19.9,false,market,on_time
73,11,tuesday,cloud_kitchen,biryani,1.1,90,1397.0,14,false,heavy_rain,gridlock,3.1,2760.0,3.6,22.1,false,market,on_time
74,1,friday,fast_food,other,5.3,61,575.0,13,false,clear,heavy,4.0,578.0,4.4,22.8,true,market,late
75,9,wednesday,fast_food,biryani,7.3,18,1103.0,11,false,clear,moderate,4.8,3497.0,4.0,24.7,false,market,on_time
76,3,saturday,casual_dining,healthy,5.1,29,2478.0,13,false,clear,heavy,4.1,819.0,3.1,20.3,true,residential,on_time
77,13,friday,cloud_kitchen,indian,10.7,27,1213.0,4,false,hot,heavy,4.5,4175.0,3.5,14.1,true,college_area,on_time
78,15,saturday,fast_food,indian,12.5,39,1868.0,2,false,light_rain,moderate,2.9,1890.0,2.9,22.8,true,market,late
79,14,saturday,casual_dining,south_indian,11.1,74,1556.0,2,true,clear,heavy,3.4,559.0,3.6,20.2,false,college_area,on_time
80,7,thursday,fast_food,biryani,14.8,33,2183.0,11,true,hot,moderate,2.5,2545.0,3.8,32.2,false,highway,late
81,0,saturday,fine_dining,dessert,3.0,38,1526.2,13,false,clear,moderate,3.8,2495.6,4.7,22.0,false,commercial,on_time
82,19,friday,cloud_kitchen,biryani,12.4,9,1776.8,2,false,clear,low,2.4,2548.5,3.9,19.2,false,market,on_time
83,11,thursday,casual_dining,pizza_burger,12.2,13,2297.9,9,false,heavy_rain,gridlock,2.1,2652.4,3.6,5.7,false,college_area,on_time
84,16,saturday,fast_food,south_indian,13.9,19,1729.8,13,false,humid,heavy,4.5,2895.7,3.8,5.6,true,market,on_time
85,20,thursday,fast_food,indian,4.1,15,2768.8,8,false,clear,low,4.3,3394.0,4.4,18.3,false,college_area,late
86,19,saturday,fine_dining,south_indian,12.7,64,100.0,8,false,humid,heavy,3.1,3605.4,3.5,22.9,true,highway,on_time
87,4,saturday,fast_food,other,14.6,51,639.3,10,false,heavy_rain,heavy,4.3,3623.0,3.1,22.5,false,commercial,on_time
88,23,saturday,fast_food,healthy,14.3,69,1751.8,12,false,clear,low,3.8,1359.9,3.4,31.8,true,college_area,late
89,15,friday,fine_dining,indian,13.2,34,1709.4,2,false,hot,moderate,4.2,4290.2,3.1,20.7,false,college_area,late
90,18,wednesday,fine_dining,italian,2.0,71,1458.3,6,false,clear,low,4.4,2759.9,3.4,7.7,false,highway,late
91,8,tuesday,fast_food,dessert,10.9,74,2578.0,6,false,clear,heavy,4.0,3304.3,4.0,24.5,false,college_area,on_time
92,4,sunday,fast_food,pizza_burger,4.8,64,2406.5,5,false,light_rain,moderate,3.4,3808.5,4.5,12.4,true,market,late
93,2,saturday,casual_dining,dessert,14.8,55,2750.1,3,false,clear,moderate,2.5,3239.3,3.1,8.7,false,commercial,late
94,21,friday,fine_dining,chinese,8.6,20,507.8,10,true,fog,moderate,4.0,2445.5,3.0,20.5,false,residential,on_time
95,16,thursday,fast_food,south_indian,7.3,70,794.9,12,false,light_rain,heavy,4.5,3145.8,4.1,18.4,false,college_area,late
96,6,friday,casual_dining,italian,1.4,27,2059.7,8,false,clear,moderate,2.8,2642.1,3.4,34.5,false,college_area,on_time
97,3,friday,casual_dining,dessert,11.4,71,912.4,1,false,clear,heavy,3.9,4712.0,3.1,29.8,false,market,on_time
98,9,thursday,fast_food,indian,0.3,69,212.9,12,false,clear,low,2.6,4246.3,3.7,18.8,false,market,late
99,19,monday,casual_dining,italian,1.8,31,1224.9,6,true,clear,moderate,3.0,2360.3,3.0,20.0,false,commercial,late
100,15,monday,cafe,chinese,6.7,89,1647.2,12,false,humid,heavy,4.2,4456.9,2.9,24.0,false,market,late
101,12,tuesday,casual_dining,pizza_burger,7.5,17,3058.1,11,true,clear,heavy,4.5,2751.1,3.0,23.6,true,highway,on_time
102,14,sunday,fast_food,south_indian,0.5,13,1261.8,8,false,clear,moderate,4.0,673.0,3.1,5.0,false,residential,on_time
103,23,saturday,casual_dining,dessert,10.0,60,356.6,11,false,clear,gridlock,3.5,1185.9,2.9,31.6,true,market,on_time
104,4,sunday,casual_dining,pizza_burger,6.4,76,185.1,10,true,hot,moderate,4.2,741.8,4.4,12.1,false,market,late
105,3,thursday,fine_dining,italian,7.9,47,930.1,1,false,fog,moderate,4.0,3771.1,4.1,27.9,true,market,late
106,3,friday,casual_dining,indian,6.9,21,1571.5,6,false,clear,moderate,4.6,2426.2,4.4,28.1,true,market,late
107,8,thursday,cloud_kitchen,dessert,2.6,13,1039.7,1,true,light_rain,moderate,3.4,1439.8,4.9,21.2,false,college_area,late
108,15,sunday,cloud_kitchen,pizza_burger,9.9,63,606.4,11,true,hot,low,4.3,4421.8,3.2,28.8,false,college_area,late
109,4,monday,cafe,pizza_burger,5.2,72,1745.5,15,false,clear,moderate,4.6,4163.7,3.8,21.8,true,college_area,on_time
110,5,wednesday,fine_dining,chinese,9.6,22,580.6,1,false,heavy_rain,gridlock,3.5,3310.6,3.7,14.7,false,highway,late
111,14,wednesday,casual_dining,indian,7.1,29,2034.1,1,true,clear,heavy,3.5,2888.0,3.6,23.5,false,residential,on_time
112,9,sunday,cloud_kitchen,chinese,4.8,63,815.4,8,false,hot,heavy,4.7,1664.5,4.9,18.1,false,residential,on_time
113,23,sunday,cloud_kitchen,indian,10.2,62,442.9,7,true,clear,moderate,2.6,1174.8,4.4,31.7,false,college_area,late
114,0,friday,fast_food,healthy,14.4,93,2702.2,8,true,clear,low,4.8,1293.1,3.6,11.0,false,commercial,late
115,16,friday,cafe,indian,0.7,65,718.8,10,false,clear,moderate,4.0,2500.7,3.6,46.5,false,residential,late
116,1,friday,cafe,italian,0.8,91,1176.6,15,true,clear,moderate,4.3,4688.1,3.4,19.2,false,college_area,on_time
117,23,saturday,cloud_kitchen,healthy,15.0,94,1376.9,11,true,humid,heavy,3.9,2672.9,4.3,21.4,false,highway,late
118,2,saturday,fast_food,chinese,1.6,8,2153.9,5,true,humid,moderate,4.2,763.5,3.9,21.0,false,market,late
119,19,tuesday,casual_dining,chinese,4.7,42,1704.2,5,true,clear,moderate,3.7,3878.4,3.7,20.2,false,highway,on_time
120,21,monday,fast_food,italian,10.6,56,496.6,14,false,clear,heavy,3.9,3283.7,3.4,25.3,false,highway,late
121,20,friday,casual_dining,pizza_burger,0.3,68,1304.3,6,false,hot,heavy,3.2,1242.7,3.0,44.1,true,commercial,on_time
122,5,sunday,cafe,indian,6.3,17,1286.7,11,false,heavy_rain,moderate,2.3,3795.5,3.5,21.7,true,highway,on_time
123,9,thursday,cafe,biryani,3.4,59,1131.4,14,true,clear,low,4.0,434.1,4.2,24.6,true,residential,late
124,2,friday,fast_food,dessert,0.3,26,1039.2,13,true,clear,gridlock,4.7,3407.1,3.7,21.5,true,residential,late
125,12,tuesday,casual_dining,other,14.7,60,2438.0,1,false,light_rain,gridlock,4.3,1241.8,3.9,30.0,false,residential,late
126,21,thursday,cloud_kitchen,dessert,13.9,39,862.9,11,true,clear,moderate,3.7,3828.3,4.5,28.6,true,college_area,late
127,15,saturday,cafe,other,11.4,75,176.1,8,true,clear,heavy,3.5,4652.6,3.7,37.1,false,residential,late
128,2,thursday,fast_food,italian,8.6,46,2509.5,15,false,hot,gridlock,3.8,3760.2,3.8,26.0,true,college_area,late
129,17,monday,casual_dining,pizza_burger,9.9,40,2600.0,2,true,clear,low,4.8,5000.0,3.3,18.6,true,college_area,on_time
130,22,monday,casual_dining,other,12.7,43,2353.4,5,true,heavy_rain,moderate,4.6,366.2,3.5,24.2,false,market,on_time
131,3,sunday,cafe,south_indian,13.4,9,2178.3,10,false,light_rain,moderate,4.0,3247.1,3.2,30.6,false,college_area,on_time
132,19,thursday,cafe,chinese,11.8,11,1076.3,5,true,hot,heavy,4.3,2623.2,3.9,19.4,false,highway,on_time
133,7,sunday,fast_food,dessert,8.0,44,2639.3,12,false,humid,low,3.3,3778.1,4.8,20.8,false,college_area,on_time
134,20,tuesday,cloud_kitchen,pizza_burger,15.0,58,274.8,4,true,fog,heavy,3.0,219.4,2.3,24.4,false,college_area,late
135,14,thursday,casual_dining,pizza_burger,14.2,57,2961.4,7,true,light_rain,low,4.5,2507.8,4.4,20.2,false,residential,on_time
136,9,saturday,fast_food,other,7.2,44,2524.7,12,false,clear,heavy,4.9,3378.2,3.5,20.9,false,residential,on_time
137,5,monday,cloud_kitchen,italian,8.9,29,1933.2,14,false,clear,heavy,4.1,615.4,3.5,32.0,false,commercial,late
138,4,friday,fast_food,chinese,11.9,53,449.7,12,false,hot,low,3.4,920.1,4.7,24.6,false,college_area,on_time
139,18,friday,cloud_kitchen,biryani,8.8,71,1224.7,8,false,clear,moderate,4.4,4435.5,2.9,21.2,false,highway,late
140,4,wednesday,fast_food,chinese,10.8,75,1619.9,15,false,heavy_rain,low,3.9,1063.0,4.7,25.8,false,commercial,on_time
141,22,tuesday,fast_food,healthy,3.9,41,906.1,15,true,clear,gridlock,3.3,2471.1,3.5,10.5,false,college_area,on_time
142,23,monday,fast_food,italian,9.0,42,2173.6,15,true,clear,low,3.9,2449.0,3.4,26.5,true,college_area,on_time
143,10,thursday,casual_dining,indian,8.7,37,2987.6,14,true,clear,gridlock,4.4,3105.0,3.0,28.0,true,residential,on_time
144,23,monday,casual_dining,pizza_burger,12.6,49,636.4,15,false,clear,heavy,2.5,817.8,3.3,21.4,true,residential,on_time
145,10,tuesday,casual_dining,healthy,8.9,57,1603.5,11,false,clear,heavy,4.0,2028.4,3.8,15.8,true,commercial,on_time
146,21,sunday,fast_food,pizza_burger,4.7,67,1294.5,1,false,hot,low,4.5,2896.9,2.8,25.2,true,highway,late
147,21,monday,casual_dining,dessert,8.8,35,2766.7,11,true,humid,moderate,4.3,3687.1,3.8,28.1,false,highway,on_time
148,8,sunday,casual_dining,dessert,12.2,27,3253.2,2,false,hot,gridlock,4.2,4039.7,3.0,28.6,false,college_area,on_time
149,11,friday,fast_food,south_indian,1.6,67,445.4,1,true,heavy_rain,moderate,3.1,2344.3,3.8,11.7,false,commercial,on_time
150,22,sunday,cafe,indian,9.0,33,2810.8,7,false,clear,moderate,4.6,818.3,3.6,24.4,false,market,on_time
151,20,thursday,cafe,healthy,1.1,14,1319.2,4,false,light_rain,heavy,4.0,1908.7,4.0,19.9,false,residential,late
152,0,sunday,cafe,pizza_burger,6.7,32,275.4,10,false,humid,low,4.6,4786.7,3.6,19.9,false,residential,late
153,2,friday,fine_dining,pizza_burger,0.4,24,1204.6,1,false,clear,moderate,4.5,4806.6,3.6,20.0,false,market,on_time
154,15,thursday,fine_dining,south_indian,10.7,75,2689.6,7,true,clear,heavy,3.9,4069.5,4.4,20.9,false,highway,on_time
155,8,friday,cafe,pizza_burger,10.5,73,1805.4,15,false,hot,gridlock,3.6,4111.0,3.8,36.4,false,residential,late
156,22,sunday,cafe,other,4.7,27,2430.3,14,false,light_rain,low,4.2,3173.0,3.0,26.6,false,market,on_time
157,23,tuesday,cafe,indian,9.1,29,1482.8,1,false,humid,moderate,4.5,1044.2,4.4,21.8,true,commercial,on_time
158,2,wednesday,fast_food,dessert,3.4,69,1070.2,15,true,fog,heavy,4.4,1399.6,3.9,19.7,false,residential,late
159,2,tuesday,cloud_kitchen,south_indian,12.4,78,2796.0,1,false,humid,moderate,4.0,3714.1,3.1,10.4,false,residential,late
160,18,monday,fast_food,italian,5.5,39,1227.7,9,true,hot,moderate,5.0,4297.0,3.6,20.8,false,market,late
161,10,tuesday,fast_food,dessert,9.9,68,1688.0,5,false,clear,moderate,4.9,3804.2,3.0,28.7,false,market,on_time
162,3,sunday,fine_dining,biryani,2.2,49,1137.2,9,true,fog,heavy,2.9,2764.0,3.5,26.6,false,market,on_time
163,2,thursday,fine_dining,south_indian,0.7,69,2126.5,11,false,hot,low,3.9,602.7,3.5,19.4,false,market,late
164,2,saturday,casual_dining,chinese,8.9,8,2154.9,1,false,clear,moderate,2.4,3264.6,2.8,17.4,false,commercial,on_time
165,18,monday,fast_food,biryani,7.0,68,1138.8,4,false,humid,low,4.1,1579.5,3.8,24.6,false,commercial,on_time
166,21,sunday,cafe,italian,11.4,80,1683.7,2,true,light_rain,gridlock,4.1,3063.1,3.9,34.4,false,commercial,on_time
167,8,tuesday,casual_dining,indian,8.0,24,2681.9,11,false,light_rain,heavy,4.6,2435.6,4.4,23.6,false,market,on_time
168,7,monday,fast_food,other,6.1,43,1860.7,3,false,light_rain,heavy,3.4,803.2,3.6,11.4,false,residential,on_time
169,23,monday,cloud_kitchen,healthy,4.3,70,2616.2,11,false,heavy_rain,heavy,2.5,2655.1,3.7,21.3,false,market,on_time
170,5,friday,fine_dining,italian,6.9,66,1191.3,8,true,hot,heavy,3.8,3346.7,3.8,23.3,false,market,on_time
171,20,tuesday,casual_dining,chinese,5.2,16,2041.1,13,false,clear,gridlock,3.9,4473.2,4.3,23.5,false,market,on_time
172,1,monday,cafe,other,15.0,72,884.7,9,false,humid,heavy,3.9,2980.6,4.3,27.5,false,highway,on_time
173,22,friday,fast_food,chinese,12.4,46,799.0,1,false,light_rain,low,4.1,1644.1,4.5,18.7,false,highway,on_time
174,15,wednesday,cafe,chinese,1.4,10,454.5,6,true,clear,low,3.5,4717.8,3.4,33.8,false,market,on_time
175,19,saturday,fast_food,biryani,8.1,19,1390.3,4,false,humid,moderate,4.3,4871.9,3.3,18.7,false,market,on_time
176,21,wednesday,cafe,indian,6.0,35,557.1,14,false,hot,low,2.6,2406.3,2.7,5.0,true,college_area,on_time
177,8,tuesday,casual_dining,indian,15.0,22,1475.6,8,true,light_rain,moderate,4.0,3064.2,4.1,32.4,true,residential,on_time
178,19,sunday,cafe,other,10.9,59,1692.1,15,true,hot,moderate,4.5,4068.6,3.2,24.0,false,residential,late
179,3,tuesday,casual_dining,indian,0.7,59,1333.7,5,false,clear,moderate,4.9,3570.0,4.0,20.7,false,market,on_time
180,6,sunday,fast_food,south_indian,8.2,79,1602.4,13,false,humid,heavy,3.3,4352.5,3.6,5.3,false,highway,late
181,5,monday,cloud_kitchen,healthy,1.2,76,2040.7,2,false,humid,heavy,4.3,1454.9,3.2,8.8,false,college_area,late
182,13,sunday,cloud_kitchen,healthy,6.8,69,1400.4,1,true,light_rain,moderate,2.3,3668.7,2.9,21.8,true,residential,late
183,9,wednesday,casual_dining,other,1.6,54,1344.8,9,true,clear,moderate,3.4,3672.6,4.3,13.0,false,commercial,late
184,5,wednesday,fine_dining,pizza_burger,3.8,52,563.8,14,false,light_rain,moderate,4.3,3239.1,4.6,21.8,false,market,late
185,17,sunday,casual_dining,italian,0.9,45,2163.7,7,true,clear,gridlock,3.4,1805.6,3.9,6.3,false,commercial,on_time
186,9,sunday,fast_food,italian,0.3,61,2222.8,7,false,hot,heavy,3.5,926.0,3.1,28.0,false,residential,on_time
187,23,saturday,fast_food,south_indian,4.6,84,398.6,8,true,clear,moderate,4.2,2494.4,4.5,13.9,false,college_area,on_time
188,8,wednesday,casual_dining,indian,11.6,44,1114.5,14,false,clear,gridlock,4.0,1059.4,3.4,21.0,false,residential,late
189,21,friday,fast_food,other,10.9,14,874.6,11,false,humid,low,4.2,2173.1,4.3,5.0,false,residential,late
190,10,monday,casual_dining,other,8.3,40,2411.6,15,true,clear,gridlock,2.9,1931.2,3.7,33.6,false,college_area,on_time
191,18,thursday,fast_food,other,7.4,69,1471.8,6,true,hot,low,3.9,4883.5,4.7,9.8,false,highway,late
192,16,monday,fast_food,indian,6.5,19,874.7,11,true,clear,moderate,4.2,3590.7,4.2,21.5,false,college_area,late
193,14,thursday,casual_dining,indian,5.7,52,1442.6,1,false,clear,heavy,4.0,582.8,3.0,18.2,true,market,late
194,14,thursday,fast_food,south_indian,9.5,25,1575.5,9,false,clear,moderate,3.5,3256.7,4.3,27.3,false,market,late
195,10,sunday,casual_dining,italian,5.7,84,1008.3,1,false,hot,moderate,3.8,4180.0,2.9,35.2,false,commercial,late
196,2,sunday,casual_dining,italian,14.7,81,1082.6,9,false,hot,gridlock,4.4,961.0,4.3,23.0,true,college_area,late
197,4,wednesday,cloud_kitchen,indian,6.9,92,667.8,7,false,hot,heavy,4.3,833.9,3.5,23.4,false,commercial,late
198,3,friday,cafe,italian,0.3,76,167.7,13,false,humid,heavy,3.9,1553.1,4.5,20.7,false,residential,on_time
199,0,friday,casual_dining,italian,10.8,35,394.9,10,true,hot,moderate,3.3,4674.0,3.2,15.0,false,residential,on_time
200,19,thursday,casual_dining,italian,0.7,31,839.3,1,false,clear,moderate,4.1,2527.8,3.6,22.3,false,market,late
201,4,friday,casual_dining,healthy,11.9,24,1125.6,12,false,fog,moderate,4.7,1830.4,3.7,25.3,false,residential,late
202,21,thursday,fast_food,south_indian,14.9,71,1871.1,6,true,clear,heavy,4.8,1116.7,3.0,20.7,false,market,on_time
203,2,thursday,cafe,pizza_burger,14.9,47,1444.7,1,false,clear,heavy,3.4,2711.8,3.5,21.3,false,highway,on_time
204,19,saturday,fast_food,dessert,10.6,26,1652.3,14,false,hot,moderate,4.2,2894.8,4.8,30.6,false,residential,late
205,22,sunday,fine_dining,south_indian,6.8,39,1610.5,1,true,light_rain,low,4.0,518.8,3.1,29.5,true,residential,on_time
206,8,friday,fast_food,biryani,6.2,53,2641.8,9,true,humid,moderate,2.6,4820.3,3.2,26.5,false,college_area,late
207,5,sunday,casual_dining,dessert,3.7,13,1095.5,15,true,humid,moderate,4.3,4106.2,4.0,15.9,false,college_area,on_time
208,6,monday,fast_food,dessert,14.9,40,1461.2,13,false,hot,gridlock,2.1,1337.8,3.7,25.5,false,residential,late
209,1,wednesday,cloud_kitchen,other,12.9,22,2158.9,10,true,clear,heavy,3.7,4396.5,3.7,19.6,false,residential,on_time
210,8,sunday,casual_dining,italian,9.7,80,2303.3,2,false,clear,heavy,3.3,1385.5,3.6,18.3,false,college_area,late
211,15,saturday,casual_dining,pizza_burger,11.4,36,1251.4,15,true,humid,moderate,3.2,281.5,4.5,24.3,false,residential,on_time
212,19,friday,cloud_kitchen,chinese,13.1,31,3112.1,13,true,fog,gridlock,4.3,4352.1,3.1,46.7,false,residential,late
213,22,tuesday,cloud_kitchen,indian,9.3,8,445.7,7,true,clear,moderate,3.8,4015.8,3.4,18.1,true,residential,on_time
214,17,thursday,fast_food,pizza_burger,13.1,69,1632.6,13,false,hot,low,4.4,2455.8,4.0,25.4,false,market,late
215,13,sunday,cafe,indian,3.1,70,427.7,8,false,clear,moderate,3.9,504.8,3.8,30.2,false,commercial,on_time
216,17,wednesday,fast_food,biryani,12.5,45,1317.6,15,true,clear,gridlock,3.7,2469.0,3.2,11.5,true,commercial,late
217,4,friday,fine_dining,healthy,13.5,77,1161.8,13,false,clear,moderate,3.6,2225.3,3.9,6.7,false,college_area,on_time
218,1,saturday,cafe,other,3.0,33,2665.8,7,false,light_rain,moderate,4.4,4390.9,3.4,15.3,false,residential,on_time
219,18,sunday,casual_dining,indian,7.6,12,2619.1,14,true,hot,gridlock,3.8,2932.3,3.3,18.1,false,college_area,late
220,0,saturday,fine_dining,other,3.8,56,800.9,11,true,clear,low,2.4,2573.8,3.6,30.0,false,market,on_time
221,18,friday,casual_dining,other,11.5,42,1406.7,14,false,clear,gridlock,4.8,4567.3,3.5,23.2,false,market,on_time
222,13,saturday,cafe,healthy,8.5,38,1371.4,14,false,clear,heavy,2.4,1180.5,3.8,5.0,true,highway,on_time
223,1,thursday,fine_dining,south_indian,2.8,88,895.3,13,true,fog,low,4.2,4484.8,2.9,23.1,false,college_area,on_time
224,1,saturday,fast_food,south_indian,14.7,42,1466.2,3,false,heavy_rain,low,3.1,1582.4,3.7,16.6,false,college_area,on_time
225,21,thursday,fast_food,pizza_burger,2.1,20,2423.0,12,false,light_rain,gridlock,3.4,367.4,3.1,22.1,false,market,late
226,20,friday,fast_food,dessert,7.4,42,1119.2,12,false,fog,heavy,4.0,2495.6,3.0,10.2,false,residential,on_time
227,15,friday,cafe,pizza_burger,12.7,74,678.0,14,false,clear,moderate,4.3,2856.5,3.5,30.9,true,college_area,late
228,12,tuesday,cafe,other,11.2,54,1591.7,8,false,clear,gridlock,2.7,602.5,3.2,26.8,false,college_area,on_time
229,0,monday,casual_dining,south_indian,7.3,74,1204.5,13,false,hot,moderate,4.1,1296.4,3.6,5.0,false,commercial,late
230,6,sunday,fast_food,south_indian,6.6,72,198.8,4,false,humid,heavy,4.1,616.0,3.6,24.9,false,residential,on_time
231,20,tuesday,cloud_kitchen,biryani,12.2,91,1169.5,1,true,fog,moderate,3.6,4559.5,2.9,21.1,false,residential,on_time
232,0,sunday,fast_food,other,0.6,31,980.8,14,true,light_rain,low,4.3,3896.5,4.4,19.0,false,commercial,on_time
233,2,tuesday,casual_dining,dessert,1.9,52,100.0,15,false,humid,gridlock,4.4,538.1,4.3,14.4,false,college_area,on_time
234,7,wednesday,casual_dining,indian,10.9,61,3068.9,1,false,clear,low,4.6,3539.0,3.7,27.9,false,residential,on_time
235,11,saturday,fast_food,dessert,0.3,81,2100.8,2,true,clear,gridlock,4.1,1642.1,2.8,7.6,false,college_area,on_time
236,5,friday,fast_food,italian,10.3,59,1644.9,11,false,clear,heavy,4.2,412.0,4.4,25.4,false,college_area,on_time
237,15,monday,casual_dining,italian,6.2,56,2642.7,3,false,clear,gridlock,4.6,4112.5,3.0,30.1,false,residential,on_time
238,16,tuesday,cloud_kitchen,south_indian,11.2,23,2197.7,1,true,clear,low,4.1,3086.1,3.6,36.8,true,residential,late
239,23,sunday,casual_dining,italian,10.1,64,1459.1,1,false,clear,heavy,4.2,389.6,3.6,20.0,false,commercial,late
240,21,friday,fast_food,biryani,0.7,55,472.2,11,false,hot,moderate,4.7,2022.0,4.4,15.0,false,residential,on_time
241,8,sunday,fast_food,indian,10.7,36,2675.8,5,false,humid,moderate,3.2,3112.3,3.2,43.9,true,commercial,on_time
242,15,friday,casual_dining,indian,0.7,61,359.4,6,false,clear,moderate,4.1,778.8,4.0,14.8,true,college_area,late
243,7,tuesday,cloud_kitchen,south_indian,9.2,63,1295.9,7,false,clear,low,3.1,2748.8,4.2,27.2,false,commercial,on_time
244,6,friday,fast_food,indian,13.6,34,2368.8,1,true,fog,low,4.1,1668.5,2.9,19.8,true,residential,on_time
245,1,monday,fast_food,dessert,5.0,9,946.0,5,false,light_rain,gridlock,3.1,3370.7,3.7,22.9,false,market,on_time
246,23,friday,casual_dining,italian,15.0,88,1063.0,10,false,clear,low,3.8,244.9,3.3,22.6,false,commercial,on_time
247,5,sunday,cafe,dessert,8.0,54,2337.9,11,true,hot,moderate,2.6,3595.8,4.8,29.2,false,college_area,on_time
248,19,saturday,fast_food,indian,8.4,66,679.5,11,true,hot,gridlock,4.5,2413.0,3.4,25.9,false,college_area,late
249,20,saturday,fast_food,south_indian,15.0,71,313.1,6,false,humid,heavy,4.2,4235.7,2.6,10.5,false,market,late
250,0,tuesday,cloud_kitchen,indian,6.4,40,2668.2,1,true,fog,gridlock,3.5,2461.2,4.2,21.1,false,market,late
251,4,monday,cafe,south_indian,9.4,64,1141.3,15,true,heavy_rain,moderate,4.4,1791.6,3.9,8.1,false,residential,late
252,12,monday,fast_food,south_indian,15.0,73,1345.9,13,false,clear,low,4.5,1358.0,3.7,19.1,false,college_area,late
253,8,tuesday,casual_dining,pizza_burger,2.2,41,2562.1,11,false,light_rain,low,4.7,1488.4,4.1,27.5,true,college_area,on_time
254,15,thursday,cloud_kitchen,dessert,6.8,80,1007.4,1,false,humid,moderate,3.6,675.5,4.2,29.8,false,residential,late
255,3,tuesday,fast_food,other,7.2,87,2870.9,11,false,heavy_rain,heavy,4.0,1333.4,2.9,27.0,true,college_area,on_time
256,22,tuesday,casual_dining,dessert,6.8,86,798.8,5,true,clear,gridlock,3.0,1506.2,2.9,22.4,true,highway,late
257,23,friday,fast_food,other,0.3,26,744.8,10,true,hot,heavy,4.8,3786.6,3.4,21.0,true,highway,late
258,19,tuesday,fast_food,dessert,12.3,23,1747.5,6,false,light_rain,heavy,3.8,4490.2,2.9,28.4,false,market,on_time
259,10,friday,fast_food,south_indian,2.9,53,1936.0,9,false,clear,heavy,4.7,412.9,3.9,10.6,false,college_area,on_time
260,9,tuesday,fast_food,pizza_burger,7.3,59,423.8,2,false,clear,low,4.1,2489.6,3.6,22.0,false,highway,on_time
261,17,saturday,casual_dining,south_indian,5.5,35,1146.3,5,true,clear,heavy,4.5,3063.6,4.1,18.3,false,residential,on_time
262,15,sunday,casual_dining,pizza_burger,13.9,74,291.6,8,false,humid,heavy,3.6,3860.8,2.9,10.9,false,residential,on_time
263,2,friday,casual_dining,indian,1.8,63,1476.7,5,false,clear,moderate,4.1,3151.5,3.1,27.0,false,residential,late
264,23,tuesday,fast_food,chinese,12.5,51,1645.2,5,false,humid,heavy,4.3,4734.9,2.9,24.3,false,residential,on_time
265,21,monday,cafe,indian,5.1,48,1808.1,8,false,humid,low,4.0,2520.0,3.6,34.9,false,highway,late
266,2,sunday,fast_food,italian,5.3,31,2916.4,5,false,clear,gridlock,3.1,2631.6,3.6,21.5,true,commercial,on_time
267,9,saturday,fast_food,pizza_burger,0.6,66,1682.7,12,true,clear,heavy,3.9,3970.4,3.2,23.8,false,residential,on_time
268,20,thursday,fast_food,biryani,7.5,37,949.0,2,false,hot,gridlock,3.7,3503.8,3.4,20.5,false,market,late
269,8,sunday,cafe,italian,10.7,20,381.4,12,false,clear,heavy,4.9,4455.6,3.2,23.7,false,market,late
270,19,friday,fast_food,healthy,3.6,60,100.4,4,false,clear,moderate,3.9,2431.7,4.6,18.3,false,market,on_time
271,21,wednesday,fine_dining,indian,4.8,53,488.9,2,false,clear,heavy,3.1,2399.2,3.0,20.9,false,residential,late
272,17,saturday,fast_food,chinese,4.5,38,1437.9,9,true,clear,low,3.7,3481.2,2.9,5.0,true,college_area,late
273,18,tuesday,cafe,pizza_burger,4.8,12,244.3,8,true,light_rain,heavy,3.3,1812.7,3.1,19.2,false,market,late
274,13,sunday,casual_dining,healthy,3.5,39,903.5,10,false,heavy_rain,heavy,4.8,2409.5,3.0,24.9,false,commercial,on_time
275,2,wednesday,fast_food,pizza_burger,7.3,75,1570.8,11,true,light_rain,heavy,3.1,1318.8,3.7,26.1,true,residential,late
276,2,friday,fast_food,chinese,13.3,68,560.3,14,true,humid,low,4.1,1077.0,3.7,9.3,false,college_area,on_time
277,22,thursday,casual_dining,healthy,15.0,39,653.0,6,false,clear,gridlock,3.5,2930.7,3.4,26.0,false,market,on_time
278,11,sunday,casual_dining,italian,11.4,65,1853.8,14,false,humid,heavy,3.6,2972.3,4.4,22.7,false,market,on_time
279,3,thursday,fast_food,healthy,11.2,89,2687.2,7,true,clear,gridlock,3.5,3630.3,3.4,26.4,false,commercial,on_time
280,20,saturday,cafe,dessert,10.1,22,1216.3,14,false,hot,moderate,3.3,2429.0,3.4,22.0,true,commercial,on_time
281,8,tuesday,casual_dining,indian,6.7,51,1514.0,8,true,light_rain,low,2.4,2772.2,4.3,7.8,true,commercial,on_time
282,3,sunday,casual_dining,south_indian,14.6,77,583.4,10,false,hot,moderate,3.9,2423.3,4.1,22.6,true,commercial,late
283,20,wednesday,fast_food,indian,14.4,48,538.8,13,false,hot,heavy,3.0,1774.0,3.3,18.9,false,residential,late
284,0,friday,cloud_kitchen,biryani,5.9,54,2258.1,7,true,heavy_rain,moderate,4.6,2839.1,3.4,19.8,false,market,on_time
285,2,friday,casual_dining,italian,11.3,65,1624.2,8,true,clear,heavy,3.4,1724.5,4.8,27.8,false,highway,on_time
286,23,friday,cafe,south_indian,13.0,37,463.5,13,false,humid,moderate,4.1,4070.7,4.5,22.5,false,market,on_time
287,5,saturday,fine_dining,healthy,1.5,66,1272.1,11,false,clear,gridlock,3.4,4723.3,3.6,26.4,false,college_area,late
288,15,sunday,cafe,other,1.2,66,1339.6,2,false,humid,moderate,2.6,1572.5,3.6,21.5,true,residential,on_time
289,21,tuesday,casual_dining,italian,7.8,33,511.8,8,true,clear,moderate,4.1,2983.5,4.8,8.8,true,commercial,on_time
290,11,sunday,fast_food,chinese,9.7,63,1180.2,12,true,clear,moderate,4.2,2214.3,2.8,21.6,false,residential,on_time
291,22,monday,fine_dining,healthy,8.6,81,1515.3,14,true,clear,gridlock,3.1,2456.9,3.3,20.5,false,commercial,late
292,14,monday,fast_food,other,11.1,35,814.9,10,false,humid,heavy,4.5,3956.9,3.0,20.5,false,residential,on_time
293,20,sunday,casual_dining,chinese,1.9,74,2471.3,3,false,humid,low,3.9,1092.4,2.9,15.2,false,residential,on_time
294,9,saturday,fast_food,biryani,3.6,31,1518.3,1,true,clear,heavy,3.9,773.6,3.1,16.2,true,commercial,late
295,12,thursday,cafe,indian,12.4,42,2477.4,7,true,clear,low,3.1,536.6,4.7,10.7,false,residential,on_time
296,4,thursday,casual_dining,pizza_burger,1.1,87,1425.2,14,false,hot,moderate,3.6,694.2,3.3,21.6,true,market,late
297,12,wednesday,fast_food,chinese,3.6,75,2373.8,3,false,light_rain,heavy,4.8,2403.3,3.5,28.7,false,college_area,on_time
298,10,sunday,fast_food,italian,11.1,63,338.3,10,false,clear,gridlock,2.4,4717.6,3.3,28.9,false,residential,late
299,22,tuesday,cloud_kitchen,south_indian,4.8,79,2439.9,10,true,clear,moderate,4.3,1456.3,3.4,12.0,false,college_area,late
300,2,sunday,cloud_kitchen,biryani,0.3,77,614.1,14,false,heavy_rain,heavy,4.1,4718.8,4.4,5.2,false,college_area,on_time
301,22,saturday,cafe,south_indian,6.3,79,1326.7,12,true,light_rain,moderate,3.7,2039.8,4.6,31.4,true,college_area,on_time
302,16,tuesday,cloud_kitchen,chinese,8.8,63,2295.8,14,false,hot,heavy,3.1,2448.2,2.9,22.9,false,commercial,on_time
303,5,saturday,casual_dining,dessert,13.1,61,2547.5,14,false,humid,moderate,3.7,2247.8,3.4,31.4,false,commercial,on_time
304,22,wednesday,fast_food,biryani,2.0,33,1525.3,12,false,clear,moderate,5.0,4489.7,4.0,7.0,true,commercial,late
305,16,saturday,fast_food,italian,3.3,48,1299.2,6,true,clear,heavy,4.9,2650.5,2.8,20.2,false,college_area,late
306,23,sunday,fast_food,indian,6.9,28,100.0,7,true,clear,gridlock,3.1,2032.5,4.3,30.1,false,college_area,on_time
307,18,tuesday,fast_food,indian,10.7,65,296.5,3,true,clear,low,3.5,4653.6,3.3,5.0,false,residential,late
308,23,friday,cloud_kitchen,chinese,5.9,11,1947.7,8,false,clear,low,4.7,2133.1,3.4,11.4,false,market,on_time
309,22,sunday,cloud_kitchen,dessert,13.5,76,3057.5,2,false,hot,moderate,4.8,2472.9,4.7,21.2,false,residential,on_time
310,9,tuesday,fine_dining,other,9.0,70,1416.1,11,true,hot,gridlock,3.2,3123.7,3.5,28.8,false,commercial,on_time
311,2,thursday,casual_dining,pizza_burger,15.0,27,1126.8,5,true,clear,heavy,2.2,3261.1,3.6,25.8,false,market,on_time
312,7,sunday,fast_food,dessert,2.3,60,2795.1,11,false,hot,moderate,2.5,2757.5,3.6,5.0,false,residential,on_time
313,16,thursday,casual_dining,chinese,4.7,79,1488.4,10,true,fog,moderate,3.2,3062.8,4.1,29.7,false,commercial,late
314,0,monday,cloud_kitchen,dessert,10.0,62,898.3,12,false,heavy_rain,moderate,4.2,1987.5,3.7,31.3,true,market,late
315,19,saturday,cloud_kitchen,chinese,0.5,70,2842.4,6,false,hot,heavy,3.3,4457.6,3.5,33.8,true,college_area,on_time
316,22,saturday,cafe,south_indian,7.5,64,2427.3,8,false,heavy_rain,heavy,4.0,3796.4,4.0,33.4,false,market,on_time
317,8,friday,cloud_kitchen,pizza_burger,0.9,36,729.8,14,true,light_rain,heavy,4.2,4351.0,4.0,20.2,false,college_area,late
318,21,friday,fast_food,pizza_burger,5.6,40,2390.0,8,true,hot,low,4.0,3387.2,3.7,14.9,true,residential,late
319,0,tuesday,cafe,dessert,9.7,39,1506.6,3,false,clear,low,4.8,3953.0,4.1,10.7,false,residential,on_time
320,0,saturday,casual_dining,pizza_burger,7.2,84,864.4,5,false,light_rain,gridlock,4.4,993.9,3.4,36.3,false,residential,late
321,14,tuesday,fast_food,dessert,11.5,37,647.2,4,true,clear,heavy,4.9,1683.5,4.4,28.2,false,commercial,late
322,2,wednesday,casual_dining,pizza_burger,5.7,52,683.4,3,false,clear,gridlock,3.6,4823.9,4.1,20.9,false,residential,on_time
323,11,sunday,casual_dining,dessert,1.4,79,2982.5,8,false,light_rain,heavy,4.8,1859.7,3.7,13.9,true,highway,on_time
324,4,saturday,casual_dining,chinese,13.1,8,1689.8,6,false,hot,heavy,4.3,2022.2,3.7,34.1,false,residential,late
325,12,monday,fast_food,pizza_burger,5.7,57,1034.2,14,false,humid,moderate,4.9,1196.8,4.8,25.5,true,market,late
326,2,thursday,fast_food,south_indian,1.5,32,2332.5,7,false,clear,heavy,4.3,2824.8,3.9,24.9,false,residential,on_time
327,22,saturday,fast_food,pizza_burger,1.0,48,2103.5,1,true,clear,moderate,4.4,199.6,3.4,9.4,true,residential,on_time
328,12,sunday,fast_food,south_indian,7.2,48,1202.8,10,true,fog,low,3.7,1913.4,3.5,17.3,false,commercial,on_time
329,4,tuesday,cloud_kitchen,pizza_burger,6.3,11,1597.7,12,true,clear,heavy,3.8,1683.7,3.6,23.2,false,market,on_time
330,5,sunday,fast_food,italian,1.1,48,2427.0,10,true,humid,heavy,4.1,2380.7,3.7,13.4,false,highway,late
331,4,monday,casual_dining,dessert,1.6,56,1331.5,1,true,hot,moderate,4.1,1575.4,3.1,22.1,true,market,on_time
332,4,sunday,cafe,chinese,5.0,46,2703.6,2,true,hot,moderate,4.9,3019.1,3.5,30.0,false,commercial,on_time
333,1,sunday,fast_food,other,9.8,26,956.5,11,false,hot,gridlock,3.1,1867.8,3.2,23.9,true,college_area,late
334,14,friday,fast_food,dessert,2.8,32,2671.2,10,true,humid,heavy,2.9,3749.8,4.7,29.7,false,residential,on_time
335,16,sunday,casual_dining,italian,14.3,35,2238.2,11,true,hot,moderate,3.5,3417.9,3.1,34.3,false,market,on_time
336,15,friday,cafe,chinese,13.2,54,1092.5,7,false,hot,low,3.8,1164.2,2.9,5.0,false,commercial,on_time
337,7,friday,casual_dining,other,12.6,41,715.0,1,false,humid,moderate,4.3,2389.6,3.7,24.5,false,residential,on_time
338,19,sunday,fast_food,other,5.4,69,1619.8,6,false,humid,heavy,3.3,3914.6,3.8,19.7,true,highway,late
339,6,saturday,casual_dining,italian,5.2,78,2050.2,12,false,hot,heavy,4.1,2431.6,4.2,22.8,false,residential,on_time
340,0,saturday,fast_food,biryani,7.9,13,928.4,4,false,clear,moderate,3.7,4314.9,3.6,21.4,true,market,late
341,0,sunday,cloud_kitchen,south_indian,10.1,51,352.6,10,false,clear,gridlock,4.8,1632.4,2.3,29.0,false,commercial,on_time
342,8,wednesday,cafe,dessert,11.2,84,1460.8,1,false,hot,heavy,4.6,3070.1,3.7,47.8,false,residential,late
343,20,friday,fast_food,south_indian,8.2,70,985.4,4,false,fog,heavy,3.7,4990.1,3.6,34.8,false,residential,on_time
344,18,tuesday,fast_food,south_indian,11.3,22,2714.4,10,false,clear,gridlock,4.9,2048.9,4.6,21.7,false,commercial,on_time
345,7,sunday,fast_food,italian,12.9,10,2028.8,12,true,light_rain,moderate,3.3,2512.3,3.1,20.8,true,market,on_time
346,19,tuesday,fine_dining,south_indian,11.9,85,1392.2,7,true,clear,heavy,3.8,1688.2,3.7,29.2,false,residential,late
347,14,sunday,cafe,biryani,9.3,44,2309.9,6,false,clear,moderate,4.8,2432.1,3.6,25.3,false,residential,on_time
348,2,sunday,fine_dining,pizza_burger,1.3,57,2058.1,5,false,clear,moderate,4.6,4029.8,3.0,18.7,true,residential,late
349,13,wednesday,fast_food,healthy,1.7,30,1193.5,2,false,hot,gridlock,2.8,3736.8,3.6,8.2,false,market,on_time
350,6,tuesday,casual_dining,indian,4.2,25,1938.6,12,true,hot,moderate,4.4,2901.6,4.4,28.9,false,market,on_time
351,10,sunday,fast_food,italian,15.0,52,1830.9,2,true,clear,moderate,2.4,2701.1,4.8,37.1,false,college_area,on_time
352,4,friday,fast_food,biryani,3.7,52,1316.1,8,false,hot,heavy,4.8,1583.5,3.6,18.1,false,residential,late
353,3,sunday,cloud_kitchen,south_indian,13.5,21,2317.1,15,true,hot,gridlock,4.3,950.6,3.6,19.5,false,residential,on_time
354,16,sunday,casual_dining,dessert,6.3,40,2496.8,15,true,clear,heavy,3.2,1751.2,3.9,13.8,false,residential,on_time
355,23,sunday,fast_food,pizza_burger,5.3,59,1274.8,3,true,hot,moderate,4.1,219.9,3.2,9.1,false,highway,late
356,23,saturday,casual_dining,other,5.9,88,386.0,3,false,hot,heavy,4.2,3497.3,3.6,29.8,false,residential,late
357,17,friday,casual_dining,other,7.9,8,1579.6,11,true,humid,moderate,3.1,2731.0,3.1,5.6,false,market,late
358,14,saturday,cloud_kitchen,biryani,13.8,8,2399.7,10,false,fog,moderate,3.2,2590.2,3.8,28.7,true,highway,late
359,16,sunday,fine_dining,chinese,13.8,86,515.8,13,false,hot,moderate,3.9,4907.3,3.7,22.3,false,highway,on_time
360,8,wednesday,fast_food,chinese,13.5,79,2804.1,14,false,light_rain,heavy,4.7,2107.8,2.9,30.9,false,market,late
361,10,thursday,cloud_kitchen,chinese,15.0,74,1097.0,14,true,clear,moderate,3.4,4499.4,3.5,13.3,true,highway,on_time
362,14,tuesday,fast_food,dessert,7.2,32,180.5,10,false,clear,heavy,4.6,2941.6,2.9,24.5,false,commercial,on_time
363,8,wednesday,casual_dining,italian,8.5,19,1306.8,1,false,humid,low,3.6,2378.9,3.7,18.8,false,residential,on_time
364,16,thursday,fast_food,biryani,4.1,79,1516.8,14,false,humid,moderate,4.0,462.2,3.6,20.5,false,residential,late
365,9,friday,cloud_kitchen,south_indian,5.8,33,787.6,7,true,clear,gridlock,4.0,2887.2,3.1,5.0,false,college_area,on_time
366,0,sunday,fast_food,healthy,10.0,57,1439.0,3,false,clear,moderate,4.2,1789.8,3.1,21.5,false,commercial,on_time
367,0,sunday,fast_food,chinese,14.1,42,1098.0,9,false,fog,moderate,3.9,1713.4,3.6,15.3,false,college_area,late
368,11,friday,fast_food,indian,9.2,37,1724.0,1,false,clear,heavy,4.2,4093.1,3.8,32.8,false,market,late
369,8,friday,cafe,chinese,12.6,31,2637.7,4,true,hot,heavy,3.7,2455.2,3.2,31.9,true,market,on_time
370,23,friday,fast_food,indian,2.4,46,212.1,15,false,humid,moderate,4.6,2163.2,3.4,33.9,false,market,late
371,20,sunday,casual_dining,biryani,13.6,17,2616.1,15,false,clear,low,3.8,1028.0,4.5,19.1,true,highway,late
372,21,friday,fast_food,south_indian,5.6,74,1143.3,5,true,humid,gridlock,4.2,1644.8,3.1,11.4,false,market,on_time
373,11,thursday,cafe,indian,6.1,8,383.2,1,true,hot,heavy,2.5,423.6,4.3,24.0,false,residential,late
374,23,saturday,fast_food,other,14.2,53,2065.7,10,true,clear,heavy,3.8,475.3,3.4,29.1,false,commercial,late
375,20,tuesday,casual_dining,south_indian,7.8,25,2115.6,15,false,hot,heavy,3.3,4499.5,2.7,21.2,false,residential,late
376,20,thursday,cafe,healthy,11.6,59,535.6,8,true,clear,low,4.2,2441.1,3.2,21.6,true,market,on_time
377,20,monday,cafe,indian,3.1,74,1594.5,11,true,clear,heavy,4.8,3377.0,4.5,21.2,false,college_area,on_time
378,6,sunday,casual_dining,healthy,10.3,73,1617.0,14,false,clear,moderate,4.7,678.3,4.3,16.9,false,college_area,on_time
379,4,monday,casual_dining,pizza_burger,11.8,70,1129.6,9,true,fog,moderate,4.4,1658.3,4.3,9.4,false,commercial,on_time
380,8,saturday,cloud_kitchen,chinese,5.7,61,1184.6,6,false,clear,heavy,4.4,941.4,3.9,34.0,false,college_area,on_time
381,20,sunday,fast_food,chinese,2.7,20,2855.9,3,false,hot,low,4.4,1514.1,3.7,24.7,false,market,on_time
382,17,saturday,fine_dining,biryani,4.3,30,299.7,14,true,clear,moderate,4.9,1568.1,3.6,23.8,false,residential,late
383,22,sunday,fine_dining,biryani,1.6,25,802.1,15,true,hot,heavy,3.1,2600.1,2.5,13.5,false,residential,on_time
384,21,friday,fast_food,italian,5.7,78,889.0,12,true,light_rain,heavy,4.5,3352.5,3.0,22.1,false,college_area,on_time
385,5,monday,fast_food,pizza_burger,9.8,67,771.7,14,true,light_rain,gridlock,4.2,3110.7,3.7,19.7,false,market,late
386,21,friday,cafe,biryani,11.1,72,1280.8,7,false,hot,moderate,4.4,2182.9,3.2,11.1,false,market,on_time
387,18,tuesday,casual_dining,south_indian,10.9,67,792.2,3,true,light_rain,heavy,4.1,2454.2,3.2,22.8,true,commercial,on_time
388,14,sunday,fine_dining,south_indian,14.6,70,2567.8,9,false,clear,heavy,4.3,373.7,3.9,24.9,false,commercial,late
389,4,tuesday,cafe,south_indian,12.5,38,2973.8,11,true,clear,gridlock,3.9,2145.0,3.5,15.0,false,college_area,on_time
390,14,wednesday,cloud_kitchen,south_indian,15.0,66,499.1,12,false,hot,moderate,4.6,2327.7,3.4,19.6,false,commercial,on_time
391,7,friday,fast_food,chinese,11.1,20,1718.7,15,false,clear,heavy,4.2,2069.4,4.1,20.9,false,college_area,late
392,7,saturday,casual_dining,indian,5.1,12,858.6,11,true,clear,heavy,3.7,2027.3,4.3,31.6,false,market,late
393,22,friday,fast_food,south_indian,0.4,28,917.4,11,false,heavy_rain,moderate,2.8,3519.1,3.6,45.3,false,college_area,on_time
394,10,friday,fast_food,pizza_burger,5.1,20,469.5,10,true,light_rain,low,3.6,651.5,3.3,24.8,false,college_area,on_time
395,0,tuesday,casual_dining,healthy,6.0,80,1069.8,14,true,hot,low,4.2,2471.1,3.4,22.6,false,commercial,on_time
396,14,friday,cloud_kitchen,chinese,0.6,51,1217.9,1,true,hot,low,3.4,492.3,3.5,15.6,false,commercial,late
397,6,wednesday,fine_dining,italian,0.3,55,1329.5,10,false,humid,heavy,3.1,668.8,3.5,20.6,false,market,on_time
398,13,tuesday,cafe,dessert,5.0,56,990.2,14,true,fog,gridlock,3.9,100.0,3.9,22.6,false,college_area,on_time
399,14,friday,casual_dining,indian,14.5,53,1442.4,13,false,clear,moderate,4.6,442.7,3.0,42.3,false,residential,on_time
400,13,wednesday,fast_food,healthy,13.6,13,235.6,13,false,light_rain,heavy,4.2,2951.1,3.4,23.1,false,commercial,on_time
401,17,sunday,cloud_kitchen,pizza_burger,0.3,45,2120.8,10,false,clear,heavy,4.9,1606.5,3.3,33.3,false,market,on_time
402,6,friday,casual_dining,other,11.4,31,1737.4,12,false,clear,heavy,3.4,3322.7,4.5,20.5,false,commercial,late
403,0,sunday,cafe,pizza_burger,2.7,15,2576.4,2,false,clear,moderate,2.3,4122.6,4.0,46.2,false,college_area,on_time
404,19,wednesday,fast_food,other,11.1,22,1236.1,13,true,fog,low,4.1,2195.3,3.5,25.3,false,market,on_time
405,3,thursday,cafe,biryani,15.0,85,1167.4,8,true,humid,heavy,3.8,1541.0,3.4,28.0,true,college_area,late
406,5,thursday,fast_food,biryani,5.4,40,100.0,8,false,light_rain,low,4.9,2609.5,2.6,5.5,false,market,late
407,18,friday,casual_dining,indian,2.6,31,1132.3,3,false,humid,heavy,3.0,2981.3,3.8,23.6,false,college_area,on_time
408,5,friday,casual_dining,biryani,6.0,74,2404.8,9,true,hot,heavy,3.1,4451.0,3.8,22.7,false,highway,late
409,20,friday,cafe,italian,2.7,55,2829.3,4,false,light_rain,heavy,3.0,2548.5,3.0,34.9,false,market,late
410,1,monday,fine_dining,indian,11.9,61,1947.9,10,false,hot,heavy,4.4,1351.5,4.5,33.4,false,market,on_time
411,8,friday,casual_dining,south_indian,1.2,82,1406.3,12,false,clear,moderate,4.5,4045.6,4.5,35.2,true,college_area,on_time
412,5,sunday,casual_dining,italian,10.4,48,1159.0,12,true,hot,gridlock,4.0,4378.3,3.2,20.7,false,residential,on_time
413,3,monday,casual_dining,south_indian,8.1,73,1070.9,6,false,hot,low,4.8,807.0,3.2,25.3,true,commercial,late
414,15,sunday,fast_food,biryani,2.2,23,1885.3,7,false,hot,moderate,4.4,2410.0,2.9,20.4,true,commercial,on_time
415,17,tuesday,fast_food,south_indian,6.4,68,1153.9,2,false,clear,low,3.7,1988.3,3.2,23.2,false,residential,on_time
416,17,saturday,cloud_kitchen,pizza_burger,12.6,52,1271.9,5,false,hot,heavy,3.0,3087.8,4.0,20.3,true,residential,late
417,1,tuesday,fast_food,indian,5.5,21,1131.3,3,false,hot,moderate,3.5,2497.9,2.2,14.1,true,highway,on_time
418,6,wednesday,casual_dining,chinese,1.9,31,1662.6,10,false,clear,moderate,4.0,4102.6,3.7,12.2,false,residential,on_time
419,8,thursday,cafe,south_indian,5.2,26,1976.6,2,false,light_rain,low,3.7,3660.7,3.7,22.0,false,market,late
420,2,sunday,casual_dining,indian,5.6,74,1016.3,11,false,light_rain,moderate,4.3,2579.9,3.2,27.5,false,residential,on_time
421,20,saturday,cafe,pizza_burger,10.8,49,803.4,15,true,hot,moderate,3.4,2618.6,3.2,21.3,true,commercial,on_time
422,19,tuesday,fast_food,indian,14.0,84,538.2,8,true,light_rain,moderate,5.0,4243.6,3.1,23.1,true,college_area,on_time
423,6,monday,fine_dining,indian,1.0,31,2260.1,1,false,clear,low,4.2,3640.4,3.1,5.0,false,college_area,on_time
424,20,monday,fast_food,dessert,0.3,48,1126.9,14,false,clear,moderate,4.4,800.9,4.6,19.9,true,college_area,late
425,14,sunday,fast_food,chinese,14.7,46,1902.2,15,false,humid,moderate,4.4,2588.6,3.5,12.5,true,residential,on_time
426,10,saturday,cafe,dessert,13.8,56,712.6,5,false,light_rain,moderate,4.8,2790.8,3.3,12.9,false,residential,on_time
427,15,sunday,casual_dining,indian,9.3,32,2241.5,10,true,hot,heavy,4.7,3635.9,4.6,22.5,false,highway,on_time
428,11,monday,fast_food,chinese,15.0,36,1356.1,14,true,clear,low,3.5,465.6,2.9,28.6,true,residential,late
429,10,saturday,fine_dining,south_indian,9.0,43,1569.2,6,true,clear,heavy,2.5,3933.4,4.2,28.8,false,commercial,late
430,20,sunday,fine_dining,chinese,11.2,67,1295.4,6,false,clear,moderate,2.3,3528.9,3.2,21.6,false,residential,on_time
431,2,sunday,fast_food,indian,10.4,39,1460.2,15,true,hot,heavy,2.9,1259.7,2.8,21.5,false,highway,late
432,2,wednesday,fast_food,other,11.2,13,878.4,10,true,hot,gridlock,4.1,679.8,3.9,17.8,false,residential,late
433,15,monday,cloud_kitchen,pizza_burger,10.5,23,458.3,14,false,clear,moderate,4.2,937.0,3.7,21.1,false,college_area,on_time
434,2,friday,fast_food,south_indian,13.6,69,1295.7,11,false,light_rain,low,2.4,2718.5,3.4,19.3,false,market,late
435,13,monday,casual_dining,indian,12.1,9,1731.9,7,false,clear,gridlock,4.3,2870.8,3.9,21.6,false,college_area,late
436,22,thursday,cloud_kitchen,south_indian,4.9,70,1893.3,14,false,fog,heavy,4.2,914.5,3.3,21.3,false,market,late
437,23,thursday,casual_dining,indian,7.5,15,504.1,9,false,light_rain,heavy,5.0,1005.4,3.5,23.2,false,highway,on_time
438,21,sunday,fast_food,other,8.4,34,935.4,8,true,hot,moderate,4.7,320.2,3.1,21.0,false,market,on_time
439,7,saturday,fast_food,south_indian,4.8,36,2321.6,15,true,hot,low,3.9,1899.3,3.2,6.7,false,residential,late
440,22,friday,fast_food,pizza_burger,10.9,42,1074.0,2,false,clear,gridlock,2.7,3914.7,3.5,20.3,false,highway,late
441,14,monday,cloud_kitchen,pizza_burger,11.7,19,2314.0,10,true,clear,gridlock,4.1,734.4,3.3,21.6,false,market,on_time
442,14,friday,cloud_kitchen,indian,12.3,76,1649.0,14,false,clear,moderate,3.9,4136.7,4.2,19.0,true,residential,on_time
443,9,monday,fast_food,other,5.3,29,783.2,8,true,clear,moderate,4.7,728.2,3.3,24.2,true,residential,on_time
444,8,sunday,casual_dining,dessert,9.1,29,2473.2,5,false,clear,moderate,4.3,2214.3,4.4,11.9,false,college_area,late
445,6,sunday,cloud_kitchen,chinese,2.6,66,1211.8,2,false,hot,gridlock,3.1,4855.0,3.6,45.7,false,commercial,late
446,23,friday,casual_dining,chinese,6.8,72,1939.1,14,true,hot,gridlock,4.1,4179.2,4.9,21.1,true,college_area,on_time
447,0,monday,fast_food,indian,0.4,24,2680.8,2,true,heavy_rain,gridlock,3.4,900.6,3.9,14.3,false,commercial,on_time
448,19,wednesday,cloud_kitchen,biryani,15.0,81,1082.7,2,false,heavy_rain,moderate,4.1,2078.6,4.2,20.5,false,market,on_time
449,7,wednesday,fine_dining,chinese,12.8,69,1177.4,12,false,clear,moderate,3.1,1080.9,2.9,28.1,false,college_area,on_time
450,9,saturday,fast_food,chinese,11.4,42,1006.2,15,false,hot,heavy,4.8,2478.2,4.5,30.4,true,college_area,on_time
451,23,friday,casual_dining,pizza_burger,5.7,54,1095.8,11,false,clear,heavy,3.1,4037.1,4.5,5.0,false,market,late
452,13,monday,cafe,biryani,9.3,66,415.0,15,false,clear,heavy,3.1,647.0,3.2,10.7,false,market,late
453,4,thursday,cafe,dessert,11.1,39,2219.1,2,false,hot,low,2.6,581.4,3.1,32.5,false,commercial,late
454,12,friday,fine_dining,indian,14.3,40,1667.4,12,false,hot,moderate,3.9,3503.1,4.4,23.1,false,residential,on_time
455,6,tuesday,fast_food,pizza_burger,7.9,78,2228.4,4,false,clear,heavy,4.5,4086.0,3.8,11.3,false,market,late
456,17,saturday,cloud_kitchen,other,10.1,15,2730.9,6,false,clear,moderate,4.3,2084.2,4.0,18.1,false,commercial,on_time
457,23,friday,cloud_kitchen,south_indian,5.2,67,1276.1,12,false,light_rain,low,3.6,523.7,4.1,20.7,false,commercial,on_time
458,0,friday,casual_dining,pizza_burger,11.1,31,1405.7,2,true,clear,gridlock,4.0,4607.6,3.6,23.1,false,residential,late
459,22,friday,fast_food,pizza_burger,11.6,53,453.0,10,true,light_rain,gridlock,4.6,4149.0,3.5,18.6,false,residential,late
460,5,monday,fast_food,indian,0.3,45,1310.1,11,true,hot,low,3.1,3871.4,3.7,22.4,false,market,on_time
461,0,sunday,fast_food,biryani,9.2,66,2137.5,13,false,fog,heavy,4.3,4513.8,3.6,33.5,false,market,on_time
462,21,friday,casual_dining,pizza_burger,15.0,18,2220.4,10,true,fog,moderate,4.5,4014.7,3.3,21.3,false,market,on_time
463,20,thursday,fast_food,chinese,10.8,26,2692.4,5,false,hot,moderate,3.8,2533.5,3.4,14.2,true,commercial,on_time
464,20,thursday,casual_dining,south_indian,7.4,13,2843.7,14,false,light_rain,moderate,2.3,1410.9,3.6,22.8,true,college_area,late
465,2,tuesday,casual_dining,healthy,1.2,24,272.1,12,true,clear,moderate,3.6,3063.7,3.6,29.3,false,market,on_time
466,16,tuesday,fast_food,chinese,12.3,72,508.5,1,true,fog,low,2.4,4098.0,4.6,19.5,true,residential,late
467,16,monday,fast_food,pizza_burger,14.2,27,568.3,1,false,clear,heavy,4.5,2052.7,3.7,5.0,true,market,on_time
468,13,thursday,fast_food,pizza_burger,1.9,57,661.6,1,false,humid,heavy,4.0,439.4,3.4,42.9,false,college_area,late
469,1,thursday,fine_dining,other,1.1,70,1367.5,2,true,hot,heavy,4.1,2723.3,4.3,22.8,true,market,on_time
470,5,thursday,casual_dining,healthy,8.0,74,1098.0,1,false,clear,heavy,4.2,2901.3,3.7,24.9,false,highway,on_time
471,8,sunday,cafe,south_indian,15.0,11,974.7,1,true,clear,low,2.8,2382.9,4.0,24.0,false,market,late
472,3,friday,cloud_kitchen,indian,12.0,84,2160.8,6,false,clear,heavy,2.5,3419.3,3.6,25.3,false,college_area,on_time
473,5,wednesday,cafe,south_indian,5.1,42,658.4,4,false,humid,moderate,4.1,2559.0,4.0,15.4,true,residential,late
474,5,saturday,cloud_kitchen,italian,2.2,66,245.6,10,false,hot,heavy,2.9,4838.3,3.5,22.5,false,college_area,on_time
475,6,thursday,cafe,indian,12.1,88,521.7,5,false,clear,gridlock,4.4,4181.5,3.8,13.4,false,market,on_time
476,10,thursday,fine_dining,dessert,9.3,22,548.2,12,false,light_rain,moderate,3.2,2866.5,3.0,18.8,false,market,on_time
477,0,saturday,fine_dining,south_indian,11.9,65,968.6,15,false,hot,moderate,2.8,497.8,4.6,25.6,true,market,on_time
478,4,thursday,cafe,biryani,12.6,41,1995.2,15,false,hot,heavy,5.0,3542.7,3.4,19.3,true,residential,on_time
479,20,friday,casual_dining,italian,12.4,21,1062.7,10,true,clear,moderate,4.4,1461.1,4.3,21.3,false,market,on_time
480,8,friday,casual_dining,italian,13.7,54,893.0,11,false,clear,heavy,4.0,2041.5,4.7,30.1,false,residential,on_time
481,7,sunday,cafe,indian,5.1,58,326.6,7,false,light_rain,gridlock,4.3,3874.7,3.6,31.7,false,market,late
482,23,saturday,cloud_kitchen,indian,10.1,35,1265.3,2,true,clear,gridlock,3.7,4431.0,3.9,29.7,false,college_area,on_time
483,12,sunday,fine_dining,chinese,15.0,73,348.1,9,false,hot,gridlock,4.5,3636.2,3.4,29.7,false,commercial,late
484,18,sunday,fast_food,pizza_burger,9.5,50,2047.2,7,false,clear,moderate,4.1,1427.4,3.7,25.6,false,highway,on_time
485,6,sunday,fast_food,healthy,5.6,38,289.0,12,false,clear,heavy,4.8,4832.6,4.5,22.5,true,market,on_time
486,1,sunday,cafe,other,7.7,79,1466.6,12,false,hot,low,4.2,1834.2,3.5,37.2,false,market,on_time
487,15,sunday,cloud_kitchen,other,4.6,28,331.5,13,false,humid,heavy,3.8,2678.5,3.6,15.5,false,college_area,on_time
488,19,thursday,fine_dining,pizza_burger,6.3,21,1013.8,9,false,heavy_rain,heavy,4.9,4640.3,3.1,22.1,false,college_area,late
489,20,saturday,casual_dining,biryani,11.4,27,2052.7,4,true,light_rain,low,4.0,4531.0,3.4,5.0,false,market,on_time
490,8,thursday,fine_dining,south_indian,9.1,50,1190.8,8,false,light_rain,heavy,4.4,3160.4,4.2,23.3,false,college_area,on_time
491,7,saturday,cloud_kitchen,chinese,1.7,21,1739.4,8,false,light_rain,heavy,3.5,529.8,3.3,18.6,false,residential,on_time
492,12,saturday,fine_dining,indian,6.3,46,786.1,12,true,clear,low,4.5,2744.4,2.9,23.5,false,market,late
493,10,saturday,fast_food,healthy,7.7,66,1632.4,1,true,hot,gridlock,4.1,2470.3,3.0,27.7,false,market,on_time
494,20,thursday,fine_dining,other,7.1,49,1275.7,12,false,humid,gridlock,3.8,4118.5,3.6,28.9,false,residential,on_time
495,23,thursday,fine_dining,indian,7.8,11,2573.9,4,false,clear,moderate,3.2,169.2,3.2,30.0,false,college_area,on_time
496,18,wednesday,casual_dining,biryani,4.5,94,379.7,3,false,humid,moderate,4.4,1782.1,4.2,7.4,false,commercial,late
497,20,friday,cafe,south_indian,9.6,41,2092.1,12,true,hot,gridlock,4.1,1646.7,3.3,14.5,false,residential,late
498,13,tuesday,fast_food,biryani,3.1,29,112.3,4,false,clear,low,4.0,3577.1,4.8,21.1,false,market,on_time
499,10,thursday,fast_food,biryani,13.8,58,301.4,3,true,clear,gridlock,3.4,4602.6,3.3,27.2,false,market,on_time
500,1,thursday,fine_dining,south_indian,14.0,30,1192.6,15,false,fog,heavy,4.2,239.2,3.8,17.8,false,highway,on_time
501,11,sunday,cloud_kitchen,pizza_burger,12.6,69,1419.5,12,true,heavy_rain,moderate,4.5,4394.4,3.7,17.5,true,residential,on_time
502,22,thursday,casual_dining,south_indian,7.2,52,2591.2,3,false,hot,moderate,3.2,3665.4,3.0,19.1,false,market,on_time
503,3,monday,fast_food,pizza_burger,12.3,65,1403.2,1,false,clear,heavy,4.1,1737.9,3.6,17.7,false,market,on_time
504,2,monday,fine_dining,indian,8.8,56,1252.5,13,false,light_rain,low,4.3,2480.8,3.4,32.0,true,commercial,on_time
505,6,thursday,cloud_kitchen,south_indian,4.9,60,2363.9,13,false,humid,heavy,2.3,2251.0,3.8,33.7,false,market,late
506,14,friday,casual_dining,italian,10.3,53,2263.3,1,true,clear,moderate,3.0,2453.2,4.5,37.7,false,college_area,late
507,9,thursday,casual_dining,biryani,1.0,43,571.5,6,false,hot,gridlock,4.4,2816.6,2.8,5.0,true,residential,on_time
508,3,saturday,casual_dining,indian,12.1,41,2365.1,8,true,clear,moderate,4.1,3018.7,4.4,22.8,false,commercial,on_time
509,7,tuesday,fine_dining,chinese,0.3,78,578.8,15,true,hot,moderate,3.8,4361.2,4.1,22.7,true,residential,on_time
510,16,monday,fast_food,indian,0.4,73,2984.8,6,false,clear,moderate,3.1,4367.2,3.7,22.8,false,residential,on_time
511,21,friday,fast_food,chinese,14.1,86,1361.7,7,false,clear,heavy,4.6,3975.3,3.8,18.2,true,highway,on_time
512,21,saturday,fast_food,italian,8.9,44,1325.8,3,false,light_rain,heavy,3.3,2735.0,3.7,23.8,true,commercial,late
513,0,wednesday,fine_dining,other,7.8,82,732.3,12,false,hot,gridlock,3.5,1022.4,3.6,21.0,false,college_area,late
514,14,sunday,fast_food,dessert,9.3,65,2952.9,11,false,clear,moderate,4.8,5000.0,4.1,20.7,false,market,late
515,15,friday,cloud_kitchen,dessert,6.8,53,2123.7,1,true,humid,moderate,3.3,256.4,3.8,16.6,false,residential,on_time
516,0,thursday,casual_dining,dessert,10.7,21,2889.5,7,true,fog,moderate,4.1,3092.6,3.8,17.8,false,residential,late
517,1,tuesday,fast_food,south_indian,5.2,30,1187.2,14,false,hot,low,3.8,4278.0,3.2,5.0,false,residential,late
518,11,sunday,cafe,other,6.6,53,721.2,14,true,clear,moderate,4.6,3437.6,4.2,23.4,true,highway,on_time
519,12,saturday,cafe,indian,6.3,13,1286.3,8,true,clear,moderate,4.2,1329.3,4.2,15.7,false,college_area,late
520,8,thursday,fast_food,biryani,6.0,73,2228.9,3,true,heavy_rain,gridlock,3.5,2027.7,2.3,23.3,false,residential,late
521,23,sunday,cafe,chinese,5.1,89,459.8,4,false,humid,low,3.0,2230.7,3.5,21.3,false,market,on_time
522,22,saturday,cafe,other,10.6,70,1931.4,11,false,clear,low,3.6,462.7,3.0,30.3,false,market,on_time
523,20,thursday,cafe,chinese,10.1,67,837.2,7,false,hot,low,3.7,3526.0,4.1,22.7,false,highway,on_time
524,14,sunday,fast_food,south_indian,6.0,52,1227.3,15,false,hot,moderate,2.4,2495.1,3.2,6.8,false,college_area,on_time
525,15,friday,fast_food,south_indian,7.3,69,174.3,11,true,hot,heavy,4.6,2595.9,4.7,20.4,false,college_area,late
526,18,sunday,cafe,pizza_burger,12.5,69,1606.6,5,false,clear,heavy,2.4,4339.3,3.6,31.1,false,market,on_time
527,3,friday,cloud_kitchen,biryani,4.7,49,940.3,6,false,hot,heavy,3.4,2601.5,3.4,21.2,false,highway,on_time
528,4,thursday,cloud_kitchen,south_indian,14.3,65,2564.4,14,false,clear,heavy,4.2,4410.1,3.0,20.8,false,highway,on_time
529,2,monday,fast_food,other,1.0,63,1608.2,11,true,light_rain,heavy,3.0,3025.7,4.2,31.3,false,residential,on_time
530,17,saturday,fine_dining,chinese,1.0,61,1748.1,9,true,fog,low,4.3,4066.6,3.7,15.0,false,college_area,on_time
531,16,monday,fast_food,biryani,14.1,75,574.0,11,false,light_rain,heavy,3.4,2683.6,3.2,13.5,false,commercial,on_time
532,16,wednesday,fast_food,dessert,15.0,70,461.5,11,false,clear,heavy,4.5,2988.9,3.8,29.4,false,residential,on_time
533,4,friday,fast_food,indian,9.7,65,2074.1,5,true,humid,gridlock,3.9,1401.4,4.7,10.1,false,college_area,late
534,10,friday,fast_food,biryani,13.2,21,1352.2,6,false,hot,gridlock,4.1,4002.8,4.8,15.9,false,market,on_time
535,17,saturday,fast_food,indian,13.0,57,288.4,9,false,hot,gridlock,4.2,396.7,3.5,14.5,false,market,on_time
536,19,tuesday,fast_food,south_indian,4.3,76,2811.1,8,false,clear,low,4.3,4554.5,2.9,35.1,false,college_area,late
537,21,saturday,casual_dining,italian,15.0,35,1103.2,3,false,fog,gridlock,5.0,4268.8,3.7,13.0,true,market,on_time
538,11,thursday,casual_dining,pizza_burger,11.0,41,2414.3,8,false,heavy_rain,moderate,3.9,4241.6,2.9,30.3,false,college_area,late
539,23,sunday,fast_food,biryani,0.9,15,1028.7,2,false,clear,heavy,3.7,2597.7,3.3,28.6,false,residential,late
540,3,monday,casual_dining,south_indian,10.6,16,1560.6,5,false,hot,heavy,3.1,542.5,4.3,20.9,false,market,on_time
541,2,friday,casual_dining,indian,9.3,19,1557.3,2,false,clear,heavy,4.6,745.4,3.6,5.0,false,residential,on_time
542,9,friday,cafe,italian,6.8,58,2937.8,12,false,hot,low,3.6,2318.0,2.2,13.3,false,commercial,on_time
543,23,friday,fine_dining,biryani,6.6,16,929.5,2,false,humid,heavy,4.2,3499.1,3.2,19.4,false,college_area,on_time
544,10,sunday,fine_dining,other,1.0,67,1277.4,1,false,hot,moderate,3.2,100.0,3.8,12.8,true,college_area,on_time
545,2,monday,cloud_kitchen,chinese,8.7,20,1376.3,8,false,hot,moderate,4.5,3283.7,3.9,23.0,false,residential,on_time
546,6,saturday,cafe,biryani,1.2,70,2590.8,15,false,clear,heavy,4.3,1903.6,4.1,23.3,false,residential,late
547,11,saturday,casual_dining,chinese,0.3,64,100.0,7,false,hot,heavy,3.6,2783.2,3.4,12.0,false,commercial,on_time
548,10,monday,fast_food,healthy,5.7,18,1984.5,10,false,humid,heavy,4.4,2563.4,3.0,5.0,false,residential,late
549,17,saturday,fast_food,biryani,13.2,68,1545.1,1,true,fog,low,3.6,1230.3,3.0,7.1,false,residential,late
550,20,thursday,cloud_kitchen,pizza_burger,6.7,23,960.3,13,false,clear,moderate,3.7,1009.6,4.4,23.5,false,market,late
551,18,friday,casual_dining,healthy,11.4,72,154.1,13,true,humid,gridlock,4.0,3662.4,3.9,5.0,true,residential,on_time
552,7,saturday,casual_dining,south_indian,10.7,33,107.4,1,true,clear,heavy,4.3,3517.2,4.3,16.5,true,college_area,on_time
553,4,monday,fast_food,south_indian,5.3,8,1162.3,13,true,clear,moderate,2.4,1451.8,4.7,25.3,false,commercial,on_time
554,13,monday,fine_dining,dessert,6.3,56,634.8,14,false,light_rain,heavy,2.3,3858.6,3.5,27.5,false,market,late
555,23,saturday,casual_dining,south_indian,11.3,32,1278.3,1,true,clear,gridlock,3.8,868.3,4.3,12.0,false,college_area,on_time
556,13,wednesday,casual_dining,biryani,12.2,12,1012.2,10,false,hot,low,4.2,1580.1,2.9,33.6,false,market,late
557,1,monday,fast_food,south_indian,5.8,56,1850.5,11,true,light_rain,gridlock,3.5,3971.1,3.8,31.0,false,college_area,on_time
558,17,sunday,casual_dining,indian,13.6,68,1218.1,10,false,clear,heavy,3.5,1441.3,3.7,27.1,false,residential,late
559,3,thursday,fast_food,indian,9.0,36,1198.4,4,false,clear,moderate,5.0,3888.3,3.7,35.5,false,residential,on_time
560,15,monday,fine_dining,indian,13.7,12,1006.5,9,false,hot,low,3.2,1575.5,3.0,31.7,true,market,on_time
561,22,saturday,casual_dining,south_indian,13.3,21,567.1,14,false,clear,heavy,3.7,4651.6,2.6,6.3,true,residential,on_time
562,16,monday,fast_food,dessert,0.9,71,1139.6,6,false,hot,heavy,4.1,2445.8,3.9,30.0,false,market,late
563,22,tuesday,cloud_kitchen,indian,13.1,39,1638.2,14,true,clear,moderate,4.0,2949.9,3.9,20.8,false,residential,on_time
564,19,friday,casual_dining,other,12.7,66,2286.4,10,true,humid,moderate,4.1,1877.4,4.2,24.2,false,college_area,on_time
565,23,friday,fast_food,indian,5.4,50,2238.3,12,true,humid,moderate,3.4,672.7,3.6,14.4,false,residential,on_time
566,22,sunday,cloud_kitchen,healthy,5.8,32,2401.6,1,true,fog,moderate,4.4,3180.0,4.6,23.9,false,market,on_time
567,11,saturday,casual_dining,south_indian,9.1,73,824.0,2,true,clear,gridlock,4.2,256.6,3.3,19.7,false,market,late
568,9,monday,fast_food,indian,2.4,85,100.0,8,false,clear,low,4.2,898.6,3.5,19.1,false,residential,on_time
569,20,tuesday,cafe,italian,0.3,69,1422.3,4,false,light_rain,gridlock,4.0,2032.8,3.6,25.3,true,commercial,on_time
570,20,wednesday,cafe,south_indian,4.9,66,1246.6,4,true,clear,heavy,4.0,2338.6,4.3,13.8,true,residential,late
571,12,wednesday,casual_dining,chinese,6.2,31,1148.0,15,false,clear,low,3.4,2377.7,3.2,10.6,false,residential,late
572,1,thursday,fast_food,biryani,12.6,14,461.7,1,false,clear,moderate,3.7,2994.8,2.7,21.6,true,college_area,late
573,6,tuesday,casual_dining,other,9.7,29,863.8,8,true,clear,heavy,4.1,615.7,3.2,5.0,false,highway,on_time
574,14,saturday,cafe,pizza_burger,15.0,37,1259.6,14,false,hot,moderate,4.4,2191.6,4.2,24.4,false,highway,late
575,10,sunday,fine_dining,other,4.8,74,2156.6,3,true,clear,moderate,4.0,372.7,4.1,24.7,false,college_area,on_time
576,22,monday,casual_dining,chinese,5.5,78,2141.6,8,false,clear,low,2.1,4186.6,3.8,20.1,true,residential,on_time
577,10,thursday,cafe,pizza_burger,15.0,32,1734.8,4,true,hot,moderate,3.6,4360.3,3.7,26.4,false,college_area,on_time
578,19,wednesday,casual_dining,chinese,6.5,31,290.8,5,true,hot,moderate,4.3,3789.8,3.8,32.7,true,commercial,late
579,12,friday,cafe,indian,2.4,12,780.1,14,true,hot,heavy,4.2,2808.6,3.5,33.5,false,residential,late
580,13,monday,fast_food,italian,3.3,74,1941.8,15,false,clear,moderate,4.7,3570.3,3.7,19.6,false,market,on_time
581,8,tuesday,fast_food,pizza_burger,5.1,38,100.0,2,false,hot,moderate,4.7,4454.1,3.1,7.8,true,commercial,on_time
582,6,saturday,cafe,indian,5.6,8,1166.6,5,true,humid,moderate,3.2,3516.7,2.9,27.0,false,college_area,late
583,21,sunday,cloud_kitchen,indian,12.5,47,1469.8,1,false,clear,heavy,2.8,1396.2,3.6,21.9,false,residential,on_time
584,9,sunday,cafe,south_indian,4.0,72,1576.5,2,false,heavy_rain,low,3.6,4583.9,3.8,45.6,false,residential,late
585,13,monday,casual_dining,other,11.6,51,1438.2,8,false,humid,low,4.0,3984.5,4.7,13.7,false,residential,on_time
586,6,thursday,casual_dining,indian,2.8,79,882.0,13,true,clear,moderate,2.8,3771.3,3.8,30.9,false,college_area,late
587,16,friday,fine_dining,dessert,9.9,57,2353.2,1,false,humid,moderate,2.4,3141.1,3.6,17.1,false,residential,late
588,18,thursday,fine_dining,pizza_burger,12.8,46,1513.2,6,false,clear,heavy,4.6,2702.9,3.7,25.0,false,college_area,on_time
589,16,sunday,casual_dining,south_indian,4.7,83,984.4,14,false,fog,heavy,2.8,4856.7,3.7,27.1,false,college_area,on_time
590,13,monday,casual_dining,biryani,7.7,86,2735.1,9,false,clear,moderate,4.4,2556.9,4.8,12.4,false,commercial,late
591,23,monday,cafe,biryani,9.2,22,1428.4,3,false,clear,heavy,4.6,2065.8,3.6,28.2,false,residential,on_time
592,11,friday,cafe,chinese,7.0,73,2344.8,13,true,clear,low,4.2,1951.8,3.7,24.0,false,residential,late
593,0,saturday,cafe,indian,1.3,61,1785.5,7,false,humid,moderate,4.0,1878.5,3.5,32.3,false,market,on_time
594,20,friday,fast_food,south_indian,8.9,25,1491.3,15,true,clear,heavy,3.0,2645.4,3.8,31.1,false,residential,on_time
595,0,tuesday,cloud_kitchen,biryani,0.5,27,2318.1,8,true,clear,moderate,2.9,2610.4,3.0,28.6,false,college_area,on_time
596,5,friday,fine_dining,south_indian,8.9,19,1196.1,6,true,hot,moderate,4.3,3817.4,2.7,19.2,false,commercial,on_time
597,20,sunday,fast_food,healthy,15.0,80,2704.0,7,false,light_rain,heavy,4.3,2096.5,3.7,22.8,false,residential,on_time
598,16,monday,fast_food,other,15.0,70,100.0,4,true,hot,moderate,4.6,1942.8,3.1,20.8,true,commercial,on_time
599,13,tuesday,fast_food,indian,11.1,40,993.8,15,true,hot,gridlock,3.7,753.9,3.6,20.5,false,residential,late
600,15,thursday,fast_food,south_indian,6.2,63,1798.2,8,false,light_rain,gridlock,3.8,3458.7,3.1,31.5,false,residential,on_time
